AdminID,Email,Password,FirstAccessDate,LastAccessDate,FirstName,LastName,MiddleName
1,PMucts1960@fleckens.hu,dc141x314142342,"2013-06-20 00:00:00","2014-04-16 23:59:18",Eduardo,a,E
2,Cant1547@dayrep.com,wdeqcdc3241c,"2013-08-20 00:00:00","2013-09-20 00:00:00",Jose,Gomes,J
3,RWortuld5296@einrot.com,c1c5v415,"2013-06-20 00:00:00","2013-11-20 00:00:00",Gabrelle,Miller,G
4,QHerad1975@cuvox.de,x313x13,"2013-06-20 00:00:00","2013-10-20 00:00:00",Paulo,Castro,P
5,Alings6899@superrito.com,eqwceqc4,"2013-08-25 00:00:00","2014-04-17 02:09:47",Mariana,Cabbral,M
6,Womer6159@superrito.com,gbb72yq6qv,"2013-06-01 00:00:00","2013-09-01 00:00:00",Luana,Ferandez,L
7,VNeand4584@rhyta.com,ecqec52c15,"2013-06-15 00:00:00","2013-10-15 00:00:00",Macrco,Miller,C
8,XSelmerry6847@rhasdfyata.com,cqwce525casdf,"2013-08-20 00:00:00","2014-04-16 23:57:50",Pedro,Bruneo,D
12,worldopensforyou@gmail.com,1qazxsw23edc,"2014-04-11 20:26:21",,Paulo,Castro,P
14,dmcmulle@gmail.com,FHMZUMBW98KY,"2014-04-11 20:26:21",,Dalton,Qi,A
15,asdm90fa-md90f78a-sdf@mailismagic.com,A49Y6CJRETQE,"2014-04-11 20:26:21",,Hello,Whatsup,Mate
16,asdfasdfasdfasdfasdfasdf@asdf.com,D57OQFBZGFS2,"2014-04-11 20:26:21",,Eduardo,asdf,asdf
17,asdlfjaklsdfj@gmail.com,O8JWKGXG5V21,"2014-04-11 20:26:21",,tony,montana,a
18,asdf,asdf,"0000-00-00 00:00:00","0000-00-00 00:00:00",,,
19,asdfasdfasdfasf@gmaiuasldfkj.com,LEN6C1YAEAPY,"2014-04-11 20:26:48","2014-04-16 15:04:50",fasdfasdf,asdfasdfasdf,asdfasdf
20,asdfasdfasdf@gmail.com,9VE4RW97VNVO,"2014-04-11 20:27:40",,asdf,asdfasdf,asdf
21,asdfasdfasdfasdf@gmial.coamsdfasdf,KWLQ1S2ZPEHT,"2014-04-11 20:30:54","2014-04-11 20:30:54",asdf,asdfasdfasdfasdf,asdfasdfasdf
22,asdasDASDFASDFQ234df@gmail.com,XDFXZ1VWO6EI,"0000-00-00 00:00:00","2014-04-16 23:41:44",asdfasdf,asdfasdf,
23,admin@admin.com,8SGWE7G1MJ1A,"0000-00-00 00:00:00","2014-04-16 23:28:56",Dalton,McMullen,
24,asdfasdfasdfasdfasdflasdjlfk2@gmail.com,IC8IHVJI3IMV,"0000-00-00 00:00:00","2014-04-16 23:31:05",Dalton,McMullen,
